id,name
tm-01,Turner James
tm-02,Anderson Michael
tm-03,Bennett Sarah
tm-04,Carter William
tm-05,Davis Emily
tm-06,Evans Christopher
tm-07,Foster Olivia
tm-08,Garcia Daniel
tm-09,Harris Sophia
tm-10,Jackson Matthew
tm-11,King Ava
tm-12,Lopez Ethan
tm-13,Mitchell Isabella
tm-14,Nelson Noah
tm-15,Parker Mia
tm-16,Reed Alexander
tm-17,Scott Charlotte
tm-18,Taylor Benjamin
tm-19,Walker Amelia
tm-20,Young Lucas
tm-21,Adams Harper
tm-22,Brooks Henry
tm-23,Collins Evelyn
tm-24,Morgan James
tm-25,Rivera Abigail
tm-26,Stewart Samuel
